[{"type":"constructor","inputs":[]},{"type":"function","name":"Version","inputs":[],"outputs":[{"internalType":"string","name":"","type":"string"}],"stateMutability":"view"},{"type":"function","name":"against","inputs":[{"internalType":"uint256","name":"idOfGamble","type":"uint256"},{"internalType":"bool","name":"isOddAgainst","type":"bool"}],"outputs":[{"internalType":"bool","name":"isSuccess","type":"bool"}],"stateMutability":"payable"},{"type":"function","name":"batchGetGambles","inputs":[{"internalType":"uint256","name":"fromIndex","type":"uint256"},{"internalType":"uint256","name":"count","type":"uint256"}],"outputs":[{"internalType":"struct OddOrEven.Gamble[]","name":"getGambleArray","type":"tuple[]","components":[{"type":"uint256"},{"type":"address"},{"type":"uint256"},{"type":"uint256"},{"type":"bytes32"},{"type":"bool"},{"type":"string"},{"type":"uint256"},{"type":"uint256"},{"type":"address"},{"type":"bool"}]},{"internalType":"uint256","name":"gamblesAmount","type":"uint256"}],"stateMutability":"view"},{"type":"function","name":"batchGetMyGambles","inputs":[{"internalType":"address","name":"myAddress","type":"address"},{"internalType":"uint256","name":"fromIndex","type":"uint256"},{"internalType":"uint256","name":"count","type":"uint256"}],"outputs":[{"internalType":"struct OddOrEven.Gamble[]","name":"getGambleArray","type":"tuple[]","components":[{"type":"uint256"},{"type":"address"},{"type":"uint256"},{"type":"uint256"},{"type":"bytes32"},{"type":"bool"},{"type":"string"},{"type":"uint256"},{"type":"uint256"},{"type":"address"},{"type":"bool"}]},{"internalType":"uint256","name":"gamblesAmount","type":"uint256"}],"stateMutability":"view"},{"type":"function","name":"getKeccak256","inputs":[{"internalType":"bool","name":"isOdd","type":"bool"},{"internalType":"string","name":"secret","type":"string"}],"outputs":[{"internalType":"bytes32","name":"keccak256Result","type":"bytes32"}],"stateMutability":"pure"},{"type":"function","name":"getLatestGambles","inputs":[{"internalType":"uint256","name":"count","type":"uint256"}],"outputs":[{"internalType":"struct OddOrEven.Gamble[]","name":"getGambleArray","type":"tuple[]","components":[{"type":"uint256"},{"type":"address"},{"type":"uint256"},{"type":"uint256"},{"type":"bytes32"},{"type":"bool"},{"type":"string"},{"type":"uint256"},{"type":"uint256"},{"type":"address"},{"type":"bool"}]},{"internalType":"uint256","name":"gamblesAmount","type":"uint256"}],"stateMutability":"view"},{"type":"function","name":"getMyLatestGambles","inputs":[{"internalType":"address","name":"myAddress","type":"address"},{"internalType":"uint256","name":"count","type":"uint256"}],"outputs":[{"internalType":"struct OddOrEven.Gamble[]","name":"getGambleArray","type":"tuple[]","components":[{"type":"uint256"},{"type":"address"},{"type":"uint256"},{"type":"uint256"},{"type":"bytes32"},{"type":"bool"},{"type":"string"},{"type":"uint256"},{"type":"uint256"},{"type":"address"},{"type":"bool"}]},{"internalType":"uint256","name":"myGamblesAmount","type":"uint256"}],"stateMutability":"view"},{"type":"function","name":"getVersion","inputs":[],"outputs":[{"internalType":"string","name":"","type":"string"}],"stateMutability":"pure"},{"type":"function","name":"reveal","inputs":[{"internalType":"uint256","name":"idOfGamble","type":"uint256"},{"internalType":"bool","name":"isOdd","type":"bool"},{"internalType":"string","name":"secret","type":"string"}],"outputs":[{"internalType":"bool","name":"didVerify","type":"bool"},{"internalType":"bool","name":"doesStarterWin","type":"bool"}],"stateMutability":"nonpayable"},{"type":"function","name":"start","inputs":[{"internalType":"bytes32","name":"keccak256Result","type":"bytes32"},{"internalType":"uint256","name":"bettingTime","type":"uint256"},{"internalType":"uint256","name":"revealTime","type":"uint256"}],"outputs":[{"internalType":"uint256","name":"idOfGamble","type":"uint256"}],"stateMutability":"payable"},{"type":"function","name":"withdraw","inputs":[{"internalType":"uint256","name":"idOfGamble","type":"uint256"}],"outputs":[{"internalType":"uint256","name":"betAmount","type":"uint256"}],"stateMutability":"payable"},{"type":"event","name":"GambleAgainsted","inputs":[{"name":"indexOfGamble","type":"uint256","indexed":false},{"name":"starter","type":"address","indexed":false},{"name":"betAmount","type":"uint256","indexed":false},{"name":"againster","type":"address","indexed":false},{"name":"isOdd","type":"bool","indexed":false}],"anonymous":false},{"type":"event","name":"GambleRevealed","inputs":[{"name":"indexOfGamble","type":"uint256","indexed":false},{"name":"winner","type":"address","indexed":false},{"name":"betAmount","type":"uint256","indexed":false}],"anonymous":false},{"type":"event","name":"GambleStarted","inputs":[{"name":"indexOfGamble","type":"uint256","indexed":false},{"name":"starter","type":"address","indexed":false},{"name":"bet","type":"uint256","indexed":false}],"anonymous":false},{"type":"event","name":"GambleWithdrawed","inputs":[{"name":"indexOfGamble","type":"uint256","indexed":false},{"name":"winner","type":"address","indexed":false},{"name":"betAmount","type":"uint256","indexed":false}],"anonymous":false}]