{
	"build": {
		"beforeBuildCommand": "",
		"beforeDevCommand": "",
		"devPath": "../ui",
		"distDir": "../ui",
		"withGlobalTauri": true
	},
	"package": {
		"productName": "odd-or-even",
		"version": "0.1.0"
	},
	"tauri": {
		"allowlist": {
			"all": false,
			"dialog": {
				"message": true
			}
		},
		"bundle": {
			"active": true,
			"category": "DeveloperTool",
			"copyright": "",
			"deb": {
				"depends": []
			},
			"externalBin": [],
			"icon": [
				"icons/32x32.png",
				"icons/128x128.png",
				"icons/128x128@2x.png",
				"icons/icon.icns",
				"icons/icon.ico"
			],
			"identifier": "wang.oiken.oddoreven",
			"longDescription": "",
			"macOS": {
				"entitlements": null,
				"exceptionDomain": "",
				"frameworks": [],
				"providerShortName": null,
				"signingIdentity": null
			},
			"resources": [],
			"shortDescription": "",
			"targets": "all",
			"windows": {
				"certificateThumbprint": null,
				"digestAlgorithm": "sha256",
				"timestampUrl": ""
			}
		},
		"security": {
			"csp": null
		},
		"updater": {
			"active": false
		},
		"windows": [
			{
				"fullscreen": false,
				"height": 768,
				"width": 1024,
				"resizable": false,
				"title": "单 ? 双",
				"url": "index.html"
			}
		]
	}
}