{
	"menu": {
		"Work": {
			"en": "Work",
			"cn": "产品",
			"desc": "What i did",
			"descCn": "我做的",
			"category": "data/work.json",
			"activeCategory": "",
			"url": "work/oiken.wang.html"
		},
		"Blog": {
			"en": "Blog",
			"cn": "博客",
			"desc": "What i said",
			"descCn": "我说的",
			"category": "data/blog.json",
			"activeCategory": "",
			"url": "/blog/today.html"
		},
		"Found": {
			"en": "Found",
			"cn": "找到",
			"desc": "What i saw",
			"descCn": "我看到的",
			"category": "data/found.json",
			"activeCategory": "",
			"url": "found/gyroflow.html"
		},
		"Learn": {
			"en": "Learn",
			"cn": "习得",
			"desc": "What i learned",
			"descCn": "我学到的",
			"category": "data/learn.json",
			"activeCategory": "",
			"url": "learn/learn-c-in-hours.html"
		},
		"Log": {
			"en": "Log",
			"cn": "日志",
			"desc": "How i did",
			"descCn": "我咋做的",
			"category": "data/log.json",
			"activeCategory": "",
			"url": "/log/2025-01.html"
		}
	},
	"menuHeadLabel": {
		"en": "Labels",
		"cn": "标签"
	},
	"label": {
		"Planned": {
			"en": "Planned",
			"cn": "萌芽中",
			"symbol": "🌱",
			"symbolTitle": "Seedling, indicates a task is planned but not yet started",
			"symbolTitleCn": "萌芽中，表示任务已计划但尚未开始"
		},
		"Working": {
			"en": "Working",
			"cn": "工作中",
			"symbol": "✍️",
			"symbolTitle": "Writing Hand, indicates the task is actively being worked on",
			"symbolTitleCn": "正书写，表示任务正在积极工作中"
		},
		"Pending": {
			"en": "Pending",
			"cn": "待处理",
			"symbol": "⏳",
			"symbolTitle": "Hourglass, indicates the task is waiting for action or resolution",
			"symbolTitleCn": "沙漏斗，表示任务等待处理或解决"
		},
		"Done": {
			"en": "Done",
			"cn": "已完成",
			"symbol": "✅",
			"symbolTitle": "Check Mark, indicates the task is successfully completed",
			"symbolTitleCn": "绿色勾，表示任务已成功完成"
		}
	}
}