{
	"oiken.github.io": {
		"name": "oiken.github.io",
		"nameCn": "网站：oiken.github.io",
		"label": "Done",
		"logoFile": "",
		"logoAlt": "Logo image",
		"logoAltCn": "Logo 图片",
		"devFrom": "2024-12-29",
		"devTo": "2025-01-09",
		"desc": "Static website for my work,blog, found, learn, log",
		"descCn": "我的静态网站，有我的工作，博客，发现，习得，日志",
		"platform": "浏览器",
		"language": "HTMl/CSS/JS",
		"kind": "static website",
		"kindCn": "静态网站",
		"mdFilePath": "/md/work/oiken.github.io.md",
		"mdFilePathCn": "/md/work/oiken.github.io_Cn.md",
		"url": "work/oiken.github.io.html",
		"visible": "true"
	},
	"WifiChat": {
		"name": "Wifi Chat",
		"nameCn": "Wifi 视频聊",
		"label": "Done",
		"logoFile": "",
		"logoAlt": "Logo image",
		"logoAltCn": "Logo 图片",
		"devFrom": "2024-12-01",
		"devTo": "2025-01-01",
		"desc": "Video chat through Wifi direct P2P connection on Android",
		"descCn": "通过 android 手机的 Wifi 直连 P2P 技术 视频聊天",
		"platform": "android",
		"language": "kotlin",
		"kind": "application",
		"kindCn": "应用",
		"mdFilePath": "md/work/WifiChat.md",
		"mdFilePathCn": "md/work/WifiChat_Cn.md",
		"url": "work/WifiChat.html",
		"visible": "true"
	},
	"CloudNas": {
		"name": "Cloud Nas",
		"nameCn": "云盘 Nas",
		"label": "Pending",
		"logoFile": "",
		"logoAlt": "Logo image",
		"logoAltCn": "Logo 图片",
		"devFrom": "2024-08-01",
		"devTo": "2024-10-01",
		"desc": "Load 115 pan as loca folder, will be an intranet file service through Smaba server.",
		"descCn": "把 115 网盘加载到本地文件夹的应用，通过 Samba 提供局域网文件服务",
		"platform": "MacOs, Windows, Linux",
		"language": "Rust",
		"kind": "application",
		"kindCn": "应用",
		"mdFilePath": "md/work/CloudNas.md",
		"mdFilePathCn": "md/work/CloudNas_Cn.md",
		"url": "work/CloudNas.html",
		"visible": "true"
	},
	"oiken.wang": {
		"name": "Website: oiken.wang",
		"nameCn": "网站：oiken.wang",
		"label": "Done",
		"logoFile": "",
		"logoAlt": "Logo image",
		"logoAltCn": "Logo 图片",
		"devFrom": "2024-05-01",
		"devTo": "2024-07-01",
		"desc": "Website to show my blockchain Web3 DApp game <<Odd-Or-Even>>. Backend is Rust + Tauri V1, frontend is HTML/CSS/JS.",
		"descCn": "网站，展示我的区块链 web3 DApp 游戏：《选单双》；用 Rust + Tauri V1 做后端，HTML/CSS/JS 做前端",
		"platform": "MacOs, Windows, Linux",
		"language": "Rust + Axum V0.7.5, Solidity, HTML/CSS/JS",
		"kind": "dymanic website",
		"kindCn": "动态网站",
		"mdFilePath": "md/work/oiken.wang.md",
		"mdFilePathCn": "md/work/oiken.wang_Cn.md",
		"url": "/work/oiken.wang.html",
		"visible": "true"
	},
	"OddOrEven": {
		"name": "Odd Or Even",
		"nameCn": "选单双",
		"label": "Done",
		"logoFile": "",
		"logoAlt": "Logo image",
		"logoAltCn": "Logo 图片",
		"devFrom": "2024-04-01",
		"devTo": "2024-05-04",
		"desc": "Blockchain web3 game DApp: <<Odd or Even>>",
		"descCn": "区块链 web3 DApp 游戏：《选单双》",
		"platform": "MacOs, Windows, Linux",
		"language": "Rust + Tauri V1, Solidity, HTML/CSS/JS",
		"kind": "Blockchain DApp game",
		"kindCn": "区块链 Dapp 游戏",
		"mdFilePath": "md/work/OddOrEven.md",
		"mdFilePathCn": "md/work/OddOrEven_Cn.md",
		"url": "/work/OddOrEven.html",
		"visible": "true"
	},
	"DroneCat": {
		"name": "Laser drone cat",
		"nameCn": "激光无人猫",
		"label": "Planned",
		"logoFile": "",
		"logoAlt": "Logo image",
		"logoAltCn": "Logo 图片",
		"devFrom": "Not now",
		"devTo": "Not now",
		"desc": "Drone cat kills mouse with laser gun.",
		"descCn": "用激光枪杀死老鼠的无人猫",
		"platform": "Robot",
		"language": "C/C++, Rust, Python",
		"kind": "Hardware",
		"kindCn": "硬件",
		"mdFilePath": "md/work/DroneCat.md",
		"mdFilePathCn": "md/work/DroneCat_Cn.md",
		"url": "work/DroneCat.html",
		"visible": "false"
	},
	"StableShare": {
		"name": "Stable Share",
		"nameCn": "瑟抖不分享",
		"label": "Planned",
		"logoFile": "",
		"logoAlt": "Logo image",
		"logoAltCn": "Logo 图片",
		"devFrom": "",
		"devTo": "",
		"desc": "Stablize the camera video, and share in many platforms.",
		"descCn": "瑟瑟发抖不分享，去抖发遍全世界",
		"platform": "android, iOS",
		"language": "Kotlin, Swift, Rust, Python",
		"kind": "application",
		"kindCn": "应用",
		"mdFilePath": "md/work/StableShare.md",
		"mdFilePathCn": "md/work/StableShare_Cn.md",
		"url": "work/StableShare.html",
		"visible": "false"
	}
}